,0,1,2,3,4,5,6,7,8,9,10,11,12,13,14,15,16,17,18,19,20,21,22,23,24,25,26,27,28,29,30,31,32,33,34,35,36,37,38,39,40,41,42,43,44,45,46,47,48,49,50,51,52,53,54,55,56,57,58,59,60,61,62,63,64,65,66,67,68,69,70,71,72,73,74,75,76,77,78,79,80,81,82,83,84,85,86,87,88,89,90,91,92,93,94,95,96,97,98,99,100,101,102,103,104,105,106,107,108,109,110,111,112,113,114,115,116,117,118,119,120,121,122,123,124,125,126,127
c8,0.12887698,0.0759864,0.001132971,0.00318119,0.23962162,0.060761653,0.0017065591,0.04024679,0.013611772,0.12400795,0.01067716,4.73096e-05,0.025990365,0.003928548,0.034299333,0.033658653,0.026972,0.07301432,0.00020471183,0.0006965768,0.09339971,0.0067405724,0.038771886,0.13575621,1.0684954,0.1654644,0.057359427,0.0002808353,0.07920273,0.02682607,0.010431866,0.06984954,4.165617e-08,0.0011449226,2.0997207,0.008898888,0.022541411,0.055101946,0.15854286,0.068302795,0.07184403,0.0030115151,0.08023329,0.008518232,0.08081122,0.3016369,0.056181617,0.011117911,0.2048787,0.03403918,0.06296509,0.4311681,0.0008036203,0.07768174,0.0015986413,0.15192072,0.0008373076,0.012449682,0.09885846,0.00021099219,0.02074613,0.9049899,0.023041584,0.004839228,0.004071383,0.08647625,0.21550098,0.067128606,1.3508611e-07,0.007880019,0.018294677,0.0142315645,0.16321625,0.0069759763,0.03327297,0.7900488,0.1404987,0.09958137,0.05424665,0.08032109,0.0061042663,0.06887912,0.002779652,0.019393472,0.09443032,0.0161923,0.026832117,0.051308393,0.01768803,0.025394911,0.010939763,0.10000922,0.017779432,0.011287527,0.06085843,0.01144841,0.011216797,0.07513053,0.00622257,0.059255436,0.00015443639,0.029741755,0.11882123,0.059269827,0.018673312,0.0020810522,0.010394843,0.10158183,0.004701744,0.013572658,0.023688925,0.032124985,0.097237945,0.0125624575,0.08842835,0.050421022,0.05106775,0.044568848,0.06362571,0.01944809,0.4238667,0.17777711,0.057266664,0.01488678,0.00052807253,0.010937185,0.008328592,0.014069234
c17,0.1144765,0.043147296,0.00022069002,0.0019332421,0.10431131,0.05625283,0.00014424317,0.017548736,0.022164878,0.12007054,0.0043754834,3.4517956e-07,0.008186597,0.00066490355,0.033254217,0.010383488,0.0050323666,0.07837746,1.2776427e-05,4.6277917e-05,0.04989901,0.00039962895,0.0089829555,0.060904235,2.7955663,0.20820986,0.014339801,9.058279e-06,0.020630598,0.010149885,0.001495476,0.015910028,1.3034186e-10,0.00028336843,3.8805034,0.00079301547,0.015865006,0.025409414,0.09902191,0.027623909,0.13853493,0.0006356257,0.013052065,0.0023073906,0.03182928,0.39802903,0.02027593,0.0038258098,0.22833672,0.007252394,0.031211674,1.1830481,6.767438e-05,0.07268817,0.0003436131,0.28112426,8.460961e-05,0.0041840016,0.017853707,4.474081e-06,0.03499829,1.8806372,0.011170237,0.0011444931,0.0007221205,0.015571338,0.23579346,0.023950242,1.3498568e-09,0.0018588228,0.0053303335,0.009038328,0.13944104,0.0011623253,0.01467332,0.5548722,0.06195128,0.05619338,0.015603055,0.032348108,0.0016399185,0.046618644,0.00050348,0.008612419,0.091677755,0.017335214,0.005048057,0.022155363,0.003328948,0.0063618887,0.0029226504,0.04269555,0.0012488093,0.0007170664,0.07877618,0.0028168627,0.0043084333,0.07557261,0.0011394086,0.07945837,6.2488593e-06,0.0124096405,0.032781534,0.04749631,0.007608107,0.00025831815,0.012723883,0.19619371,0.00061316835,0.0009019388,0.010631875,0.0028069532,0.10556765,0.0012192864,0.053486176,0.020819085,0.008970086,0.010902819,0.012897917,0.004017237,0.19066258,0.21058933,0.085554555,0.0016725793,5.2551124e-05,0.003085883,0.001092197,0.009480792
c4,0.044675507,0.044877134,0.00027192186,0.00052908796,0.21444583,0.037626598,0.00059330126,0.016174788,0.00515994,0.06644127,0.0039505796,4.560171e-06,0.0056697954,0.0017175897,0.018901523,0.02194198,0.012772331,0.05612423,4.1068946e-05,0.00018354417,0.0379336,0.002424588,0.03578796,0.05901355,0.4324895,0.08413305,0.03154523,8.318066e-05,0.044326782,0.017383737,0.004750472,0.029961755,1.6512345e-09,0.00029639518,0.8283745,0.0027793052,0.011007437,0.03526035,0.078601085,0.021357728,0.033032138,0.00072829647,0.03321509,0.0038573917,0.053786047,0.13082674,0.03151186,0.004115693,0.09868056,0.019665051,0.027009899,0.23225632,0.00013138285,0.040386897,0.00073029497,0.0826783,0.00022165089,0.0037253823,0.07602165,2.7140677e-05,0.010265225,0.2870476,0.013163374,0.0030172444,0.0010382228,0.051628765,0.311218,0.04739686,3.992752e-09,0.0019019706,0.007275216,0.005277076,0.064461745,0.0024498315,0.018245434,1.3721813,0.16603048,0.041378137,0.014453718,0.030768061,0.0023678718,0.033024635,0.0007141241,0.0075857397,0.03130401,0.007595779,0.013980843,0.02564014,0.008295304,0.010275407,0.0030875185,0.05698106,0.0036410997,0.0028324013,0.01914476,0.004940888,0.0036042826,0.0471987,0.0021519102,0.023559768,3.1878913e-05,0.018832618,0.04750279,0.024783317,0.0084199235,0.00054464897,0.0035657913,0.061674885,0.0022371204,0.004379218,0.008117439,0.009764483,0.0473966,0.005634894,0.040658057,0.024558743,0.025397034,0.024153868,0.03860594,0.008704121,0.49440858,0.07440918,0.037837163,0.005911749,0.00015345546,0.002679426,0.0050945594,0.0043706503
c15,0.038262956,0.041647423,0.00020542441,0.0004652528,0.2498424,0.038183194,0.00047719714,0.012358628,0.005400134,0.065135054,0.0031776961,2.9280127e-06,0.004765793,0.0013551246,0.017720759,0.016460342,0.010854786,0.058134064,3.1943946e-05,0.0001600727,0.031816155,0.0016313199,0.030190088,0.044451192,0.41749242,0.084245265,0.03142103,7.0839356e-05,0.028434303,0.017666375,0.00394762,0.024563972,8.1259366e-10,0.00027036745,0.723893,0.0018239242,0.0103731,0.033510774,0.060930472,0.017854651,0.03439653,0.0005778337,0.024994725,0.0031623808,0.040251434,0.10641791,0.028564468,0.005227124,0.09021463,0.014045811,0.030448185,0.20758969,0.00010922536,0.04283019,0.00063273386,0.07322619,0.00013813382,0.0031756787,0.04067358,1.4812731e-05,0.01092031,0.28856355,0.010495925,0.0032911713,0.0008430498,0.036881663,0.32617408,0.040107686,2.30412e-09,0.0015012948,0.005731773,0.004296617,0.057342842,0.001792696,0.018355884,1.6075951,0.13801095,0.032442506,0.015363729,0.025439506,0.002687538,0.037856705,0.00059513655,0.007427309,0.027072977,0.0091020325,0.013139439,0.021865878,0.0066621704,0.008467498,0.0023255097,0.054043498,0.0027986264,0.0019201565,0.017379202,0.004049699,0.0035999517,0.05177584,0.0017396392,0.027736604,2.847204e-05,0.015967775,0.04256325,0.022470264,0.0132049,0.00048696852,0.003652069,0.07041232,0.0015831781,0.003105568,0.0072602476,0.0056796363,0.050904322,0.0053553227,0.03522794,0.024660926,0.016271902,0.018230403,0.0295267,0.009923672,0.62469894,0.07326242,0.042593036,0.0050651478,9.2033835e-05,0.0019387462,0.0050776764,0.004019343
c16,0.050179116,0.043703947,0.00023428228,0.0007308114,0.19567652,0.04727183,0.0003821711,0.014093977,0.0087546855,0.07315254,0.003357931,1.9529516e-06,0.0055132424,0.0011720738,0.022461127,0.01456681,0.0088167135,0.063791096,2.771144e-05,0.00013357097,0.035992797,0.0012678897,0.022756563,0.04731529,0.8090893,0.098685995,0.026941145,4.9273174e-05,0.027819825,0.017246077,0.003357324,0.023297356,6.2534206e-10,0.00031835234,1.2870771,0.0015651543,0.011309797,0.033959363,0.07207245,0.021828596,0.055745143,0.00063962105,0.022892306,0.00295759,0.037765104,0.15101512,0.027535073,0.005639649,0.11300752,0.01185184,0.03146271,0.3664502,0.00011284043,0.048513185,0.00062570215,0.10311475,0.0001250209,0.0035340735,0.031448025,1.120115e-05,0.0156146,0.53758556,0.010918187,0.002827554,0.0009579053,0.030885555,0.3057601,0.035994373,2.6912421e-09,0.0017979508,0.0053042946,0.0056871437,0.07963868,0.0017194384,0.018175058,1.3328692,0.1113107,0.034970067,0.016743135,0.027414218,0.002521059,0.042570163,0.00063768454,0.007870866,0.038022958,0.011674524,0.010715707,0.021073697,0.0056207967,0.008258499,0.0025243056,0.052583497,0.0025928323,0.0015729569,0.026976539,0.0043338705,0.0045492505,0.058503628,0.0018163939,0.037014313,2.0817286e-05,0.017515555,0.042471368,0.029595302,0.014050554,0.00046847126,0.0050516287,0.10147927,0.0013875609,0.0023250477,0.008671737,0.0048189675,0.06027256,0.004039713,0.039400835,0.026810206,0.014432625,0.015833022,0.025588186,0.00868773,0.47991794,0.1029989,0.054158058,0.0039970772,7.95334e-05,0.0022283783,0.003663059,0.004783385
c13,0.04691255,0.05178042,0.00031625322,0.0006342474,0.27070117,0.03656707,0.0007482159,0.016840378,0.005637507,0.07608723,0.004309038,6.958085e-06,0.00665717,0.0018758741,0.019153478,0.022195436,0.015133401,0.0629925,5.431938e-05,0.0002521803,0.03937736,0.00257378,0.037565473,0.059073966,0.43919644,0.09167026,0.0389757,0.00012617117,0.03705382,0.021091966,0.004800358,0.031088078,2.7740774e-09,0.0004088813,0.81944454,0.0029496069,0.012272289,0.040486522,0.07097235,0.022750568,0.034016106,0.0008453401,0.033195082,0.0043207533,0.05040192,0.12943205,0.035265796,0.005649682,0.10149584,0.019708611,0.03391216,0.22187729,0.00018335962,0.04673628,0.000799685,0.08234702,0.0002498483,0.0044643967,0.059337273,3.353366e-05,0.011394935,0.2937685,0.0132201025,0.003906757,0.00133116,0.046779227,0.3084216,0.047737136,6.539784e-09,0.0021410054,0.007700315,0.0054039075,0.06795538,0.0028261356,0.019959697,1.4299685,0.15861633,0.04314089,0.019364959,0.03376522,0.0029700154,0.039830327,0.00092397776,0.009578096,0.031656068,0.008857904,0.01716138,0.028799167,0.009471505,0.011215973,0.0033853722,0.06266822,0.0048998953,0.0033609872,0.022403032,0.005794231,0.0043019275,0.050084922,0.0024355955,0.030622125,4.9573173e-05,0.01889391,0.048818976,0.024858048,0.014498154,0.0007309675,0.003996927,0.06899633,0.0022218837,0.0049442146,0.008964561,0.009488053,0.057690717,0.006913796,0.043447524,0.028824016,0.025273632,0.024085298,0.037534494,0.012103725,0.61218673,0.08620829,0.039887283,0.00757877,0.00015795953,0.0029691698,0.0073481295,0.005258291
c12,0.105229884,0.05681991,0.00076529855,0.0020809667,0.21413997,0.043013953,0.0012333167,0.03429387,0.009697423,0.12346391,0.009105382,2.7060842e-05,0.020969529,0.0031497385,0.030218361,0.030025018,0.023814524,0.076951854,0.00012903131,0.00048446498,0.07724581,0.005052945,0.042469967,0.1241335,1.08498,0.17416441,0.04713945,0.00019822086,0.07936676,0.023110028,0.008533408,0.052428935,1.907242e-08,0.00077179354,2.1005626,0.0064845365,0.02010379,0.04717002,0.14692047,0.04150226,0.059275743,0.0023686264,0.06572344,0.0066809948,0.081138596,0.29998586,0.046456125,0.0074187224,0.1939844,0.03204639,0.056643445,0.43439388,0.0005342911,0.06953354,0.0011424393,0.14503597,0.0006687137,0.010232377,0.09667138,0.00013727607,0.015184881,0.75441766,0.018072125,0.0037060932,0.0035340718,0.07211715,0.22009586,0.0616739,5.7479426e-08,0.005478838,0.014465835,0.011060441,0.1317183,0.0059349113,0.026654445,0.74861777,0.15095073,0.1004288,0.03294002,0.067463614,0.003847403,0.04230648,0.0018891704,0.014842371,0.07034385,0.011743235,0.021917459,0.04944576,0.015713261,0.020068048,0.008457361,0.082900025,0.012488715,0.007776365,0.05464508,0.009563216,0.007958593,0.06849679,0.004299351,0.045968335,8.095015e-05,0.022562528,0.081990294,0.043336827,0.011561828,0.0014567957,0.008319731,0.09097805,0.0037581234,0.011230596,0.01894361,0.026413409,0.080677524,0.008139149,0.07917027,0.037186876,0.048072334,0.037346184,0.05177978,0.01489585,0.3502777,0.15353641,0.045930978,0.0134944655,0.00040444857,0.008129272,0.0060050203,0.01112107
c10,0.12551016,0.080795854,0.0011884259,0.0030078595,0.24919127,0.06093233,0.0019208353,0.04281408,0.0141738085,0.13086025,0.010376068,5.2115633e-05,0.02353472,0.0041948007,0.03773149,0.03762371,0.02914472,0.07487344,0.00022465545,0.0007777599,0.089598134,0.006525186,0.042637963,0.12226695,0.9931031,0.14594163,0.053868294,0.00031433813,0.075364895,0.032680117,0.009780134,0.061470564,5.1528744e-08,0.001193647,1.8691033,0.0085084615,0.023653777,0.058442898,0.15412576,0.058131263,0.07204404,0.0030520416,0.07407529,0.008587522,0.079474516,0.2972922,0.057185736,0.010743945,0.19791771,0.039770097,0.060112327,0.45852482,0.0008345091,0.0862985,0.0019198895,0.17501555,0.0010415363,0.010828122,0.10129524,0.00023858814,0.021586416,0.7817617,0.023781158,0.0054638493,0.004174622,0.08173275,0.20971355,0.07614659,1.3287111e-07,0.0084779095,0.018750744,0.013905785,0.1549551,0.007189012,0.03284099,0.83975536,0.18373773,0.10453066,0.050434556,0.07231766,0.005622553,0.062489446,0.0029786045,0.019726252,0.09136779,0.016302038,0.029498793,0.055779207,0.017304633,0.026018726,0.009973288,0.09239595,0.0152637195,0.010248564,0.061629836,0.011801582,0.011344923,0.07622376,0.00556669,0.06380175,0.00018123449,0.028351149,0.09406289,0.06077034,0.01989521,0.0019017414,0.011605767,0.10676132,0.0052977125,0.013831095,0.021581106,0.02989628,0.09470057,0.012357539,0.08345851,0.050504677,0.049492627,0.043771043,0.057968512,0.021153882,0.44926497,0.16888009,0.05979003,0.014576715,0.0005616273,0.011293223,0.009391606,0.01448014
c6,0.024053983,0.039490037,0.00013804337,0.00018142088,0.22747193,0.03260582,0.00035053125,0.009258571,0.0029270833,0.042763896,0.0019474648,1.6197753e-06,0.002557682,0.0011404707,0.013619872,0.016234687,0.008317835,0.04290031,2.0080275e-05,0.00010366537,0.020897059,0.0013723006,0.02918575,0.029476797,0.19385812,0.044845633,0.024691734,5.33377e-05,0.027231216,0.014131237,0.0035493823,0.020330798,3.136672e-10,0.00015503843,0.34396455,0.0016095804,0.0074455347,0.028857237,0.0481101,0.011742234,0.023407955,0.00031596082,0.022219388,0.0023835588,0.03480334,0.060642656,0.022633845,0.0034034466,0.058934957,0.011865714,0.019085502,0.14144374,5.0368468e-05,0.026079116,0.00054006116,0.048103888,9.060161e-05,0.0020520836,0.052847914,9.15589e-06,0.0075134826,0.14304113,0.0097118,0.002863624,0.0004827709,0.0370477,0.37161863,0.0364037,6.090737e-10,0.0008180211,0.0043712845,0.0026183461,0.03999956,0.001326375,0.014660392,2.0185337,0.17287494,0.024633855,0.008665658,0.017676648,0.0020597577,0.029642338,0.0003393432,0.0050508403,0.01771358,0.0060225516,0.01087516,0.017278902,0.0048922333,0.005602902,0.0015854728,0.048197865,0.0017418045,0.0015033277,0.0088658165,0.003189919,0.0022491987,0.040111393,0.0012446777,0.014823935,1.823802e-05,0.016890323,0.0332688,0.015814876,0.008732619,0.00030789376,0.0017750562,0.0525579,0.0015004238,0.0024046963,0.0049427166,0.004900832,0.032246232,0.004282579,0.025385873,0.019675164,0.014384535,0.015797652,0.029137133,0.007332966,0.7379564,0.043944135,0.03197003,0.0036498883,7.278532e-05,0.0013161652,0.0049759895,0.0021632398
c11,0.07536197,0.06359766,0.0006671504,0.001355217,0.24330157,0.041444156,0.0013126032,0.030031111,0.008455496,0.103001446,0.007013871,2.181124e-05,0.012879262,0.0029357062,0.029239617,0.031149635,0.02124031,0.07391157,0.00011580386,0.00048562346,0.056205954,0.00447582,0.04308601,0.086320095,0.72246623,0.11834013,0.048080884,0.0002317431,0.059515145,0.028409509,0.0070364634,0.040826894,1.5006735e-08,0.0007921152,1.3868897,0.0055590905,0.01799494,0.052842516,0.10341045,0.03400905,0.0517558,0.0018355638,0.05093944,0.0061702393,0.06686182,0.21977036,0.046450853,0.0071169953,0.14607453,0.02859669,0.044424452,0.37171307,0.00043922864,0.066422366,0.0013035799,0.12962638,0.0005958195,0.0077849757,0.084777266,0.0001072578,0.01591608,0.45733255,0.019337442,0.0049393317,0.0030402348,0.061040528,0.25964206,0.07003815,3.5417788e-08,0.0044963565,0.012388546,0.008998862,0.11077304,0.0051019406,0.024665195,1.0073572,0.18610924,0.078218356,0.028793393,0.050160266,0.003844445,0.042948507,0.0018790887,0.014786269,0.05233584,0.011379607,0.021920828,0.041822135,0.013829845,0.017051846,0.0059471303,0.07403007,0.009498082,0.006349723,0.044336844,0.009202811,0.0071614655,0.059313387,0.0036863263,0.044195544,9.314111e-05,0.023134083,0.06414501,0.038164362,0.015895763,0.0011662358,0.0064672255,0.08948018,0.0035228573,0.009178673,0.014685118,0.019742463,0.070931576,0.008188399,0.061493747,0.039957274,0.04024666,0.03227756,0.047044724,0.015542821,0.5168269,0.12738776,0.04671285,0.0115994355,0.00034135036,0.0062191277,0.008643051,0.009055271
c18,0.017018512,0.032262556,4.532968e-05,7.5403404e-05,0.31274757,0.017576206,0.00021165416,0.0059125526,0.0018498747,0.036022913,0.0011498635,6.6985734e-07,0.0018958771,0.00049166795,0.0099714175,0.00893103,0.0060152067,0.04405299,6.7969927e-06,3.85367e-05,0.013369927,0.00056457554,0.026911858,0.016219305,0.124035254,0.038135014,0.026797328,3.4344066e-05,0.010012778,0.013785387,0.0016914088,0.014294204,4.7070032e-11,9.91272e-05,0.18489671,0.00059418724,0.006000189,0.017239701,0.02735557,0.0050800145,0.013461749,0.00013871846,0.01231701,0.0013999621,0.017494407,0.04440801,0.017768217,0.003719424,0.04030897,0.0078084217,0.014391264,0.08127496,2.5865398e-05,0.022280496,0.00025957223,0.034647036,3.5628094e-05,0.0010485275,0.024360556,2.5584584e-06,0.00447552,0.097406015,0.004006075,0.0023125208,0.00023158471,0.015700197,0.33741146,0.023254687,8.7962214e-11,0.00042663846,0.0027673128,0.0014382998,0.024383133,0.0006069856,0.009636622,2.2170112,0.18815722,0.010780339,0.0070982724,0.009809071,0.0013344008,0.016742967,0.00015917419,0.003214869,0.009825477,0.0035977846,0.007991109,0.013085236,0.0032066177,0.0038217385,0.0006419159,0.034526337,0.0010919148,0.00072894007,0.005246256,0.0016868918,0.0013172458,0.034821857,0.0005891737,0.01493614,1.1460327e-05,0.009375813,0.020409307,0.008718239,0.013104671,0.00024313976,0.0012431471,0.03726711,0.0006241605,0.0011545686,0.00340748,0.0021172164,0.03352087,0.0030707915,0.015415586,0.012688056,0.0097776,0.0077399677,0.015034589,0.0062125414,1.0742427,0.04097157,0.023428826,0.0026771214,2.1220294e-05,0.00053564215,0.0041390844,0.0014359734
c7,0.040126067,0.054718744,0.00029901872,0.00050041784,0.2975137,0.034012385,0.0007692065,0.016070338,0.0053817285,0.07357583,0.0036335948,6.859199e-06,0.005956278,0.0016830448,0.0184436,0.020151503,0.014812853,0.059989206,5.068852e-05,0.00026324912,0.032662213,0.002357199,0.03463944,0.04504883,0.3818201,0.07696563,0.039684676,0.00014473037,0.030193044,0.024274869,0.0048599374,0.030465702,2.431302e-09,0.00043015162,0.63946146,0.002577741,0.011619745,0.042124823,0.061085876,0.019960053,0.03443406,0.0007441693,0.029704293,0.0038764428,0.04175,0.10706902,0.033454794,0.0068526603,0.09188277,0.0155284945,0.033172827,0.20323873,0.00017127795,0.0461759,0.00089177606,0.06766586,0.0001975395,0.0043891594,0.043113973,2.6156538e-05,0.011467456,0.26429868,0.011754413,0.0045592934,0.0013556957,0.04132913,0.31181043,0.043669425,5.5892517e-09,0.0018291451,0.0067825993,0.004420172,0.06303101,0.0024981385,0.021426857,1.6034981,0.16306451,0.038415704,0.021264197,0.02944375,0.0034187164,0.038365446,0.0008548916,0.009656237,0.026456341,0.009416475,0.018115636,0.027084826,0.008725859,0.00997822,0.0027322907,0.061820086,0.004709258,0.0031069212,0.02070266,0.005788627,0.004507108,0.050806828,0.0023540533,0.031059869,5.3144307e-05,0.018974165,0.047004357,0.022529367,0.02133152,0.0007476148,0.0033082103,0.07505103,0.0020427394,0.0043903394,0.008748624,0.008390338,0.053707372,0.0071666874,0.03708595,0.033275895,0.020927971,0.020038465,0.034575015,0.01391788,0.76124465,0.08182479,0.04028997,0.007595595,0.00012647618,0.0026126925,0.00856594,0.004641621
c1,0.14488488,0.115680255,0.0019495885,0.0056438823,0.2721972,0.08616966,0.0031255286,0.05426643,0.021854537,0.17145902,0.014998613,0.000112847105,0.023310525,0.006825808,0.048611928,0.053331953,0.035869695,0.09054034,0.00039029185,0.0014451867,0.10444567,0.008048757,0.046259105,0.13210419,1.0059222,0.16799214,0.07102871,0.00046353127,0.09918994,0.04356863,0.010405178,0.083704025,2.0405858e-07,0.0022110573,1.7922063,0.011715212,0.028757766,0.08100878,0.17181957,0.08468693,0.09682817,0.0052116225,0.088720016,0.01558619,0.093633704,0.30446693,0.07828476,0.016984027,0.24625719,0.05195657,0.07618264,0.47259316,0.0014072671,0.09399011,0.0028802936,0.2134741,0.002104357,0.014366581,0.10813195,0.000500618,0.03016886,0.78629005,0.040539827,0.007928294,0.005268732,0.11226046,0.20537257,0.105217226,4.0975567e-07,0.0144241825,0.023689734,0.018061394,0.20370825,0.011070347,0.040984765,0.8283345,0.19080178,0.11392912,0.07602622,0.08560683,0.009141129,0.08997972,0.005715529,0.03664217,0.108280085,0.022337146,0.030015724,0.05087342,0.018165076,0.030695733,0.015317663,0.09566777,0.02142678,0.0154467495,0.09731189,0.016841467,0.016735718,0.075771324,0.008422758,0.088929646,0.00041455592,0.037858244,0.11578641,0.089617126,0.031486988,0.0027230557,0.019038605,0.13868602,0.008911448,0.021783171,0.027874008,0.038497757,0.1211629,0.017577162,0.110206835,0.06671315,0.07470684,0.06421546,0.07327612,0.026764257,0.5860259,0.22756164,0.09180578,0.02085312,0.00095195184,0.013071289,0.016399663,0.022154262
c19,0.015551539,0.03622396,4.975148e-05,6.105093e-05,0.263915,0.018329637,0.00021010138,0.007204228,0.0017476423,0.03467388,0.0009061801,7.133838e-07,0.001333933,0.0005474324,0.009721774,0.010917488,0.005519449,0.038018744,6.8957906e-06,3.786338e-05,0.013632676,0.00070709124,0.02917935,0.01704453,0.090004936,0.028414262,0.024885934,3.826577e-05,0.01368349,0.013070373,0.0017306566,0.0136018805,5.988625e-11,9.6549156e-05,0.12987408,0.00081935135,0.004810532,0.016883623,0.031818736,0.0057621673,0.013133583,0.000119885044,0.012574226,0.0014104202,0.01915159,0.038806465,0.019814808,0.00326757,0.038336303,0.0099120485,0.011732823,0.08024627,2.3785573e-05,0.016078323,0.0002991713,0.036579072,4.2075975e-05,0.00088219973,0.035514586,3.2529854e-06,0.0040998654,0.07536769,0.005023875,0.0020449993,0.0002419586,0.017206855,0.34983736,0.027768895,9.4751325e-11,0.00043233062,0.0027802477,0.0015441399,0.023465369,0.0006953466,0.009129768,2.2955568,0.25047728,0.0103845075,0.0056118933,0.009324253,0.0012040792,0.017319135,0.00016590157,0.0030944825,0.008382596,0.0029772234,0.007311037,0.013765008,0.0028149292,0.003911538,0.00069099205,0.030653995,0.0010350756,0.0008469654,0.0044714697,0.0022925504,0.0013080345,0.027920814,0.00070346077,0.010644808,1.0560401e-05,0.01325604,0.019234862,0.008130893,0.011390694,0.00024081301,0.0010341689,0.03830485,0.00096748286,0.0012548798,0.0033746979,0.002310211,0.029789565,0.0031940131,0.014046915,0.012133736,0.011065504,0.008363377,0.017330855,0.0058534946,1.0207762,0.037668202,0.024958216,0.0027671813,2.4515171e-05,0.00050423166,0.0046025356,0.0012127495
c5,0.03827479,0.04185584,0.00021393754,0.00040796903,0.22048144,0.040034033,0.0004807996,0.012906886,0.004500123,0.057173226,0.003280836,3.4562388e-06,0.004861449,0.0015587533,0.016953347,0.018946992,0.011287527,0.051809877,3.4824334e-05,0.00015466292,0.032105748,0.0018912802,0.03177858,0.04799735,0.36798412,0.07173036,0.02911571,7.15002e-05,0.036246058,0.015679322,0.0044914563,0.02646672,1.0006499e-09,0.00023232635,0.68919027,0.002238652,0.01027412,0.032707445,0.068495795,0.018803112,0.031540416,0.0005927085,0.028983,0.0032314532,0.045054417,0.10557575,0.028981237,0.0039582197,0.086573265,0.017058574,0.025746567,0.1991026,0.00010047493,0.037928335,0.00067352696,0.071177065,0.00016785765,0.003229194,0.06457693,1.9827417e-05,0.009454,0.24918258,0.011334449,0.0029711896,0.0007727289,0.046333663,0.31863573,0.042166375,2.1780961e-09,0.0014973884,0.0062695793,0.0043803575,0.055877052,0.0020044497,0.017374126,1.5719005,0.15015602,0.03641255,0.013221537,0.026151463,0.0024254923,0.0349971,0.0005779054,0.006644956,0.029001212,0.0074073854,0.013768333,0.022038195,0.00699842,0.008634327,0.002570862,0.056295678,0.0027106178,0.0022000582,0.0152192535,0.004022954,0.003049565,0.04828436,0.0017474083,0.021982249,2.8193846e-05,0.017378734,0.042711254,0.023738848,0.008299208,0.00044725472,0.0033340643,0.058319833,0.0018695615,0.0036117528,0.007270323,0.007323573,0.04446647,0.0052381484,0.03702758,0.021995641,0.019477138,0.022131301,0.033751618,0.008632371,0.5600965,0.06414569,0.035181146,0.005084764,0.00011786982,0.0023113799,0.0047965664,0.0036713309
c14,0.027264252,0.0422913,9.721205e-05,0.00017105353,0.32360694,0.019916456,0.00041803034,0.010653369,0.002523148,0.049595103,0.0020304148,2.6368496e-06,0.003799464,0.00085109635,0.012722189,0.014656458,0.010023049,0.050403148,1.7141558e-05,7.960972e-05,0.02293255,0.0011837784,0.035745602,0.031180846,0.19701006,0.05328419,0.033280056,7.835387e-05,0.017261714,0.014879736,0.00264648,0.02200868,3.4138578e-10,0.00020168354,0.32687488,0.0013346953,0.008287665,0.022985898,0.041713133,0.0094022695,0.016654134,0.00030118864,0.019404894,0.002504458,0.026934383,0.07690204,0.028155956,0.004903299,0.05834726,0.014516394,0.018925663,0.10669724,6.8532565e-05,0.028627863,0.0004117705,0.052328102,0.00010122904,0.0021026044,0.042771596,1.0017239e-05,0.005785683,0.14446236,0.006455706,0.0027611898,0.00051055016,0.02327912,0.29992235,0.030174393,6.1963473e-10,0.00091528083,0.0048657386,0.0026950184,0.036862787,0.0012681043,0.01103635,1.6752288,0.20990053,0.01984526,0.011698602,0.017214343,0.0017221068,0.023177687,0.00035931106,0.005233723,0.015938766,0.004073404,0.012079746,0.020586528,0.005599517,0.00626455,0.0013643329,0.044821862,0.0025166855,0.0016167985,0.00989749,0.0030691808,0.0019284213,0.037839312,0.0011166087,0.020678347,2.5528223e-05,0.012641667,0.030432759,0.0120445285,0.014124668,0.00047682194,0.0019678862,0.041150343,0.001038434,0.0023489196,0.00548631,0.0047682906,0.048925098,0.0047727455,0.024473114,0.016283328,0.01733605,0.012390407,0.022650179,0.007991914,0.91227907,0.057151087,0.027002253,0.0048464136,5.3162556e-05,0.0011473334,0.0059883115,0.0025906244
c3,0.18394312,0.098959155,0.00146776,0.004488034,0.2597026,0.07254505,0.0023214284,0.045778215,0.017889503,0.14601503,0.013477175,8.195049e-05,0.031942397,0.0051009627,0.0392105,0.04593194,0.033734452,0.08649202,0.0003156835,0.00094241975,0.104584254,0.0070749978,0.04328427,0.12463772,1.2208425,0.15828681,0.062325563,0.00034800955,0.09000283,0.035360705,0.009868359,0.07875234,9.965766e-08,0.0014187216,2.1920507,0.010844737,0.02690621,0.062703066,0.18218452,0.06805794,0.07480625,0.004141265,0.09017981,0.010863747,0.09807884,0.3086346,0.06004123,0.013126591,0.22908628,0.039795045,0.07309728,0.48161188,0.0012028624,0.085664794,0.002004803,0.20240821,0.0014842506,0.013412481,0.10057867,0.0003592647,0.024428323,0.94018614,0.028259326,0.0054488904,0.004890795,0.10392363,0.19214134,0.08459672,2.5011843e-07,0.01072732,0.021319084,0.016626712,0.21490978,0.0099008335,0.03516577,0.70258766,0.17519444,0.12303815,0.06424244,0.089965954,0.006484487,0.07407342,0.0038638865,0.027903207,0.10938394,0.018970905,0.032304827,0.057193395,0.017886957,0.02804475,0.013817923,0.10231164,0.021967929,0.013597752,0.08758738,0.013770003,0.014798186,0.07644867,0.006334412,0.08300536,0.00023888818,0.031629756,0.11339695,0.07684776,0.024076892,0.0023000336,0.014748677,0.1219285,0.006863816,0.018594604,0.024197688,0.032699585,0.104687236,0.014206278,0.10448817,0.056352712,0.07023148,0.052629646,0.06770059,0.022480423,0.49630928,0.21082771,0.07008766,0.019768117,0.00066575856,0.014188681,0.011634909,0.01985404
c9,0.10763159,0.059149344,0.0007975861,0.0022475526,0.22402117,0.04139046,0.0013668055,0.03491897,0.009958241,0.12667178,0.0093538975,3.1020023e-05,0.021647913,0.0030448542,0.03180003,0.029993026,0.02439408,0.07602629,0.00014361332,0.000532904,0.07623938,0.005309307,0.04246104,0.12595543,1.1118442,0.18192649,0.05190367,0.00021657576,0.07722087,0.02402011,0.008674344,0.052258875,2.0894284e-08,0.0008738163,2.1596298,0.0069103837,0.021487307,0.04871463,0.13732204,0.043322075,0.060792807,0.0024235267,0.06663397,0.0068023317,0.078485206,0.30885667,0.04767147,0.0083578145,0.1960462,0.03181365,0.059603564,0.43406698,0.00058866054,0.074193224,0.001152578,0.14487694,0.000684141,0.011120152,0.08823335,0.00014871747,0.015862944,0.75922865,0.018383542,0.0041157184,0.003842585,0.06851777,0.2196968,0.0628631,6.9745255e-08,0.005778409,0.014057115,0.011222052,0.13653846,0.0063690594,0.026151784,0.7403514,0.14421578,0.10255005,0.036758896,0.07111661,0.0040360084,0.04640922,0.0021062132,0.016503042,0.07109214,0.011979889,0.02258629,0.0508446,0.01663246,0.020298352,0.008861036,0.08315442,0.014092629,0.008267178,0.061102025,0.009823337,0.008583434,0.070130385,0.0045789247,0.049363185,9.2035065e-05,0.022465596,0.0875995,0.04249781,0.013633418,0.0015825906,0.008453357,0.09412407,0.0035878285,0.011915087,0.019909738,0.028054481,0.08427781,0.0087177185,0.08165895,0.040234458,0.04873471,0.036174968,0.0521226,0.016465824,0.3806032,0.1591898,0.0479684,0.014405027,0.00041686336,0.008291657,0.006563662,0.012021219
c2,0.07922581,0.0711437,0.0011059736,0.0021220618,0.1999365,0.05134625,0.0014298743,0.0458615,0.011770857,0.14982425,0.008233465,3.4504596e-05,0.012122671,0.00453229,0.036559414,0.04231017,0.02408306,0.08372027,0.00014574682,0.00069797697,0.070820026,0.006594674,0.04840563,0.11793789,0.7904646,0.14968324,0.049060073,0.0002752165,0.08957085,0.030692013,0.007980823,0.0431048,4.0415994e-08,0.001064515,1.5283103,0.007136239,0.019758949,0.064873286,0.13948302,0.046976883,0.07851475,0.0027680565,0.058573946,0.008773568,0.082525805,0.2781653,0.057682633,0.007890885,0.20410311,0.04304282,0.05478547,0.44587237,0.0005779497,0.06719658,0.0018691109,0.16707642,0.0010327824,0.009337787,0.117072664,0.00021834913,0.017147494,0.51442945,0.028440095,0.0048953565,0.0043186997,0.07541486,0.23486097,0.09498424,8.028992e-08,0.0069681113,0.016651291,0.012693624,0.1229389,0.0067599677,0.029089682,0.966695,0.21041746,0.100599416,0.028769212,0.05693454,0.0053941607,0.045541115,0.0028627638,0.018894877,0.06362108,0.01342602,0.019590482,0.045179874,0.015041941,0.020875603,0.0081912335,0.07173249,0.010155636,0.00836684,0.05528166,0.013064772,0.008787766,0.059852995,0.0053217267,0.04078767,0.000119551456,0.029752815,0.06932582,0.05107943,0.013947305,0.001459454,0.009556094,0.11434677,0.00588219,0.013155582,0.017942524,0.028340789,0.07213469,0.009386673,0.076740384,0.04276245,0.0499747,0.045273166,0.054481246,0.015590134,0.43291983,0.15150183,0.058353417,0.013973219,0.0005789302,0.007574811,0.009022472,0.011018084
